ring_sign,rec_gain,tau,in_gain,cue_gain,loss,slope
1.0,0.5,2.0,1.0,3.0,0.8770288735628128,1.2174360250301695
1.0,0.5,2.0,1.0,10.0,0.8780006021261215,1.217605676260624
1.0,0.5,2.0,3.0,3.0,0.8838289588689804,1.145426656880166
1.0,0.5,2.0,3.0,10.0,0.8847710996866226,1.1456143970379054
1.0,0.5,2.0,10.0,3.0,0.8853065639734268,1.272957382188554
1.0,0.5,2.0,10.0,10.0,0.8860195845365524,1.2731725227738164
1.0,0.5,2.0,30.0,3.0,0.9034557431936264,-0.839733194271948
1.0,0.5,2.0,30.0,10.0,0.9040417164564133,-0.8394552242933028
1.0,0.5,5.0,1.0,3.0,0.7320905148983001,0.08961736021522379
1.0,0.5,5.0,1.0,10.0,0.7318485766649246,0.09046455013016155
1.0,0.5,5.0,3.0,3.0,0.7582671694457531,0.508758595663366
1.0,0.5,5.0,3.0,10.0,0.7576364107429981,0.7076858619326901
1.0,0.5,5.0,10.0,3.0,0.7780345201492309,0.04644401577213006
1.0,0.5,5.0,10.0,10.0,0.7774413660168648,0.04676463382828775
1.0,0.5,5.0,30.0,3.0,0.7919203996658325,-0.011110358440261085
1.0,0.5,5.0,30.0,10.0,0.7913905486464501,-0.01075502445075249
1.0,0.5,10.0,1.0,3.0,0.619002428650856,-0.10637229778003304
1.0,0.5,10.0,1.0,10.0,0.619202234596014,-0.1064875359958809
1.0,0.5,10.0,3.0,3.0,0.6514729917049408,-0.09256603096785465
1.0,0.5,10.0,3.0,10.0,0.6487771704792976,-0.09189617251183475
1.0,0.5,10.0,10.0,3.0,0.6824892528355122,-0.15565707770196868
1.0,0.5,10.0,10.0,10.0,0.6817095257341862,-0.15539685231804343
1.0,0.5,10.0,30.0,3.0,0.6748370558023453,-0.1264076270389207
1.0,0.5,10.0,30.0,10.0,0.6739935904741288,-0.12596229251687266
1.0,1.0,2.0,1.0,3.0,0.866283518075943,1.5126204607866336
1.0,1.0,2.0,1.0,10.0,0.8683521151542664,1.3538461393623153
1.0,1.0,2.0,3.0,3.0,0.8763530850410461,1.7449023330649132
1.0,1.0,2.0,3.0,10.0,0.8774157971143722,1.903169236970046
1.0,1.0,2.0,10.0,3.0,0.9009877920150757,1.836399160446371
1.0,1.0,2.0,10.0,10.0,0.9018407315015793,1.6922862712839122
1.0,1.0,2.0,30.0,3.0,0.9189452320337296,-1.3853741436829308
1.0,1.0,2.0,30.0,10.0,0.9198144167661667,-1.3848069354221546
1.0,1.0,5.0,1.0,3.0,0.6531396031379699,0.4015649780178998
1.0,1.0,5.0,1.0,10.0,0.6538713403046131,0.44101765521344166
1.0,1.0,5.0,3.0,3.0,0.7065453276038169,0.28668704921575017
1.0,1.0,5.0,3.0,10.0,0.7064998999238015,0.28726543239850905
1.0,1.0,5.0,10.0,3.0,0.7635292544960975,0.21287432950869026
1.0,1.0,5.0,10.0,10.0,0.763061237335205,0.21304364281862068
1.0,1.0,5.0,30.0,3.0,0.7635277211666107,0.0870939657854747
1.0,1.0,5.0,30.0,10.0,0.7633987069129944,0.08752937507174094
1.0,1.0,10.0,1.0,3.0,0.5605874622240663,0.020086285485513593
1.0,1.0,10.0,1.0,10.0,0.5626835146918893,0.028742607804344365
1.0,1.0,10.0,3.0,3.0,0.5808151520788669,-0.09212916578902701
1.0,1.0,10.0,3.0,10.0,0.5816469771787525,-0.09005445469278203
1.0,1.0,10.0,10.0,3.0,0.5943896634504199,-0.10960523900926764
1.0,1.0,10.0,10.0,10.0,0.5952564775943756,-0.10868805301049184
1.0,1.0,10.0,30.0,3.0,0.6047317244112491,-0.0973761404534
1.0,1.0,10.0,30.0,10.0,0.6053502205759287,-0.09621010750677143
1.0,2.0,2.0,1.0,3.0,1.1997138291597367,-0.15693190020366085
1.0,2.0,2.0,1.0,10.0,1.1995519012212754,-0.25480952948360824
1.0,2.0,2.0,3.0,3.0,1.1948844820261002,-0.16929749543723746
1.0,2.0,2.0,3.0,10.0,1.194834890961647,-0.17093392800035823
1.0,2.0,2.0,10.0,3.0,0.9358185097575188,0.04376069708431359
1.0,2.0,2.0,10.0,10.0,0.9412019431591034,-0.005083319496032685
1.0,2.0,2.0,30.0,3.0,0.9181034982204437,0.07731764513427743
1.0,2.0,2.0,30.0,10.0,0.9190701127052308,0.07582872896958613
1.0,2.0,5.0,1.0,3.0,1.0983035042881966,-0.24130943350522044
1.0,2.0,5.0,1.0,10.0,1.1017163410782813,-0.23743828499692723
1.0,2.0,5.0,3.0,3.0,1.0808627858757973,-0.240352211019965
1.0,2.0,5.0,3.0,10.0,1.0853969186544419,-0.23669155033972408
1.0,2.0,5.0,10.0,3.0,0.8388728685677052,0.1334201853919181
1.0,2.0,5.0,10.0,10.0,0.8454555153846741,0.11791562489974029
1.0,2.0,5.0,30.0,3.0,0.6307492561638355,0.2558038626313337
1.0,2.0,5.0,30.0,10.0,0.640668174624443,0.2635003866107867
1.0,2.0,10.0,1.0,3.0,0.926733236014843,-0.22576206242978936
1.0,2.0,10.0,1.0,10.0,0.9326361566781998,-0.2257474038742306
1.0,2.0,10.0,3.0,3.0,0.9004427134990692,-0.22211434386634984
1.0,2.0,10.0,3.0,10.0,0.9074863098561764,-0.22238680487761764
1.0,2.0,10.0,10.0,3.0,0.7010688185691833,0.02747693304524174
1.0,2.0,10.0,10.0,10.0,0.711464112251997,0.031566849111617584
1.0,2.0,10.0,30.0,3.0,0.5688300497829915,0.03623730294292612
1.0,2.0,10.0,30.0,10.0,0.57174092233181,0.041035205484793946
1.0,4.0,2.0,1.0,3.0,1.1641332179307937,-0.10203620143619936
1.0,4.0,2.0,1.0,10.0,1.163704653084278,-0.10470703544946013
1.0,4.0,2.0,3.0,3.0,1.1640211716294289,-0.10227849552546862
1.0,4.0,2.0,3.0,10.0,1.1635936692357063,-0.10494658174862566
1.0,4.0,2.0,10.0,3.0,1.1339224457740784,-0.1973483766553777
1.0,4.0,2.0,10.0,10.0,1.1406318709254264,-0.21596417540824203
1.0,4.0,2.0,30.0,3.0,0.8122624360024929,-0.11507645836436
1.0,4.0,2.0,30.0,10.0,0.8070873003453016,-0.10278303789646714
1.0,4.0,5.0,1.0,3.0,1.138524943590164,-0.12147717587133557
1.0,4.0,5.0,1.0,10.0,1.1381036087870597,-0.20016089824184657
1.0,4.0,5.0,3.0,3.0,1.136773206293583,-0.12503369835282774
1.0,4.0,5.0,3.0,10.0,1.136658851802349,-0.20349009012104127
1.0,4.0,5.0,10.0,3.0,1.0682021901011467,-0.16305641024508033
1.0,4.0,5.0,10.0,10.0,1.077795648574829,-0.14474445514343753
1.0,4.0,5.0,30.0,3.0,0.7584609251469374,-0.17996760164394673
1.0,4.0,5.0,30.0,10.0,0.7668022099882364,-0.16664173058563267
1.0,4.0,10.0,1.0,3.0,1.0488937929272653,-0.1896262958257548
1.0,4.0,10.0,1.0,10.0,1.0511171266436576,-0.18339062498422867
1.0,4.0,10.0,3.0,3.0,1.042402982711792,-0.19137090938246515
1.0,4.0,10.0,3.0,10.0,1.0453835234045983,-0.18516182007387233
1.0,4.0,10.0,10.0,3.0,0.9549158781766891,-0.1907632047603887
1.0,4.0,10.0,10.0,10.0,0.9675929009914398,-0.18639718955178203
1.0,4.0,10.0,30.0,3.0,0.709452098608017,0.060849543963405694
1.0,4.0,10.0,30.0,10.0,0.7171368859708309,0.06618063745115002
1.0,8.0,2.0,1.0,3.0,1.1507104218006134,-0.016842031485845153
1.0,8.0,2.0,1.0,10.0,1.1493490248918534,-0.03875463065599572
1.0,8.0,2.0,3.0,3.0,1.1507035315036773,-0.01681828263150088
1.0,8.0,2.0,3.0,10.0,1.149348895251751,-0.0387575972854815
1.0,8.0,2.0,10.0,3.0,1.0802466198801994,-0.026370852739729587
1.0,8.0,2.0,10.0,10.0,1.0801831565797329,-0.05505836774540022
1.0,8.0,2.0,30.0,3.0,0.8500137612223625,-0.013191733376908214
1.0,8.0,2.0,30.0,10.0,0.8537175631150603,-0.014099526091217755
1.0,8.0,5.0,1.0,3.0,1.1390556409955024,-0.1605288678276305
1.0,8.0,5.0,1.0,10.0,1.1378407716751098,-0.1238789627566028
1.0,8.0,5.0,3.0,3.0,1.1386323124170303,-0.16286260699579658
1.0,8.0,5.0,3.0,10.0,1.137376530468464,-0.10991855809910948
1.0,8.0,5.0,10.0,3.0,1.091929130256176,-0.24699395349101985
1.0,8.0,5.0,10.0,10.0,1.1054157182574271,-0.1454742020528457
1.0,8.0,5.0,30.0,3.0,0.7467153787612915,-0.16886890945569102
1.0,8.0,5.0,30.0,10.0,0.7564403705298901,-0.1629914229605013
1.0,8.0,10.0,1.0,3.0,1.0925817131996154,-0.15521316047979136
1.0,8.0,10.0,1.0,10.0,1.092189447581768,-0.13145283923299536
1.0,8.0,10.0,3.0,3.0,1.0896695911884309,-0.1566241986513376
1.0,8.0,10.0,3.0,10.0,1.089720194041729,-0.13415869856904789
1.0,8.0,10.0,10.0,3.0,0.9962402701377868,-0.17080001514187396
1.0,8.0,10.0,10.0,10.0,1.0116918087005615,-0.1542908934656623
1.0,8.0,10.0,30.0,3.0,0.6944970048964023,-0.17928194951500243
1.0,8.0,10.0,30.0,10.0,0.7042258001863957,-0.16418164102552052
1.0,16.0,2.0,1.0,3.0,1.1519316345453263,0.0010694662066681423
1.0,16.0,2.0,1.0,10.0,1.1499045312404632,-0.01325334345623972
1.0,16.0,2.0,3.0,3.0,1.1519346415996552,0.0008508548615455472
1.0,16.0,2.0,3.0,10.0,1.1499055564403533,-0.013345462355969097
1.0,16.0,2.0,10.0,3.0,1.035677793622017,0.016158855252788977
1.0,16.0,2.0,10.0,10.0,1.0806513234972954,-0.013459196333972832
1.0,16.0,2.0,30.0,3.0,0.9965868063271046,0.02453719579018019
1.0,16.0,2.0,30.0,10.0,1.0053446412086486,-0.03238054196965975
1.0,16.0,5.0,1.0,3.0,1.1466157406568527,-0.06787764360697812
1.0,16.0,5.0,1.0,10.0,1.139716884493828,-0.1575494139609065
1.0,16.0,5.0,3.0,3.0,1.145742866396904,-0.07656592191228306
1.0,16.0,5.0,3.0,10.0,1.1394262671470643,-0.16014682264614613
1.0,16.0,5.0,10.0,3.0,1.0144378036260604,-0.08645955582645115
1.0,16.0,5.0,10.0,10.0,1.0616808012127876,-0.19079877652656319
1.0,16.0,5.0,30.0,3.0,0.8366736903786659,0.022370728286690848
1.0,16.0,5.0,30.0,10.0,0.8750142216682434,-0.09575385806702934
1.0,16.0,10.0,1.0,3.0,1.1078195422887802,-0.17028767328930972
1.0,16.0,10.0,1.0,10.0,1.1066339612007141,-0.15465750953550764
1.0,16.0,10.0,3.0,3.0,1.1062411218881607,-0.17159380038602548
1.0,16.0,10.0,3.0,10.0,1.1050464332103729,-0.14939943543385995
1.0,16.0,10.0,10.0,3.0,1.0146013617515564,-0.25087913681348867
1.0,16.0,10.0,10.0,10.0,1.0368612617254258,-0.2531260294578208
1.0,16.0,10.0,30.0,3.0,0.7332410015165806,-0.1193010070703048
1.0,16.0,10.0,30.0,10.0,0.7505347765982151,-0.1131565079243258
-1.0,0.5,2.0,1.0,3.0,0.8646983653306961,-1.1253218866420038
-1.0,0.5,2.0,1.0,10.0,0.8646304607391357,-1.1246471838144958
-1.0,0.5,2.0,3.0,3.0,0.8789995193481446,-0.8870485994741854
-1.0,0.5,2.0,3.0,10.0,0.8790362656116486,-0.8864049798422464
-1.0,0.5,2.0,10.0,3.0,0.9155489653348923,-0.728787621066739
-1.0,0.5,2.0,10.0,10.0,0.9156070590019226,-1.0136517426794558
-1.0,0.5,2.0,30.0,3.0,0.9291887074708939,0.6102814831831397
-1.0,0.5,2.0,30.0,10.0,0.929226216673851,0.610903141072442
-1.0,0.5,5.0,1.0,3.0,0.801428173482418,-0.4332629738808305
-1.0,0.5,5.0,1.0,10.0,0.8007285669445992,-0.43222316484358264
-1.0,0.5,5.0,3.0,3.0,0.7969456911087036,-0.9748876660455935
-1.0,0.5,5.0,3.0,10.0,0.7961224108934403,-0.7741178957999059
-1.0,0.5,5.0,10.0,3.0,0.7911419287323952,-0.6555607976980998
-1.0,0.5,5.0,10.0,10.0,0.7901163086295128,-0.45471267585893144
-1.0,0.5,5.0,30.0,3.0,0.7924335658550262,0.1506562783892673
-1.0,0.5,5.0,30.0,10.0,0.7916470065712928,0.1517461800571481
-1.0,0.5,10.0,1.0,3.0,0.6355335846543312,-0.05876215751570282
-1.0,0.5,10.0,1.0,10.0,0.6333189487457276,-0.05612181933898544
-1.0,0.5,10.0,3.0,3.0,0.667814590036869,-0.14207665384207024
-1.0,0.5,10.0,3.0,10.0,0.6661860883235932,-0.08593184861015365
-1.0,0.5,10.0,10.0,3.0,0.662058649212122,-0.10231118845514166
-1.0,0.5,10.0,10.0,10.0,0.660731490701437,-0.1003660995378382
-1.0,0.5,10.0,30.0,3.0,0.6568102970719337,-0.17377414716499714
-1.0,0.5,10.0,30.0,10.0,0.6553257629275322,-0.17198670959013782
-1.0,1.0,2.0,1.0,3.0,0.8603743642568589,-1.0467705831221976
-1.0,1.0,2.0,1.0,10.0,0.8611144632101059,-1.045804991785985
-1.0,1.0,2.0,3.0,3.0,0.8727007225155831,-1.5658332136335946
-1.0,1.0,2.0,3.0,10.0,0.873168034851551,-1.8279339017031164
-1.0,1.0,2.0,10.0,3.0,0.9038770347833633,-1.4999532035410699
-1.0,1.0,2.0,10.0,10.0,0.9043909937143326,-1.2266480284148236
-1.0,1.0,2.0,30.0,3.0,0.9358880430459976,2.0239632368871923
-1.0,1.0,2.0,30.0,10.0,0.936414098739624,2.0248569321204504
-1.0,1.0,5.0,1.0,3.0,0.6985276583582163,-0.3751199351185654
-1.0,1.0,5.0,1.0,10.0,0.6973506793379783,-0.37290282447266354
-1.0,1.0,5.0,3.0,3.0,0.7366773754358291,-0.5439769266215857
-1.0,1.0,5.0,3.0,10.0,0.7356362625956535,-0.5418259478803925
-1.0,1.0,5.0,10.0,3.0,0.7049307391047478,-0.41156814071493714
-1.0,1.0,5.0,10.0,10.0,0.703733466565609,-0.5012079167473517
-1.0,1.0,5.0,30.0,3.0,0.745801393687725,-0.38992769832886637
-1.0,1.0,5.0,30.0,10.0,0.7446964889764786,-0.3884905824550109
-1.0,1.0,10.0,1.0,3.0,0.5005805216729641,0.018711637344340948
-1.0,1.0,10.0,1.0,10.0,0.4988812807947397,0.023804488171537505
-1.0,1.0,10.0,3.0,3.0,0.535835849493742,-0.004063318355102326
-1.0,1.0,10.0,3.0,10.0,0.5343287698924541,-0.00010483410751848029
-1.0,1.0,10.0,10.0,3.0,0.58208177536726,-0.037864544437267084
-1.0,1.0,10.0,10.0,10.0,0.580531469732523,-0.034643561469085295
-1.0,1.0,10.0,30.0,3.0,0.5906031295657158,-0.05776247769446922
-1.0,1.0,10.0,30.0,10.0,0.5893802769482136,-0.05515519158494989
-1.0,2.0,2.0,1.0,3.0,0.7946888945996762,-0.161104228248232
-1.0,2.0,2.0,1.0,10.0,0.7946447100490331,-0.13414318453351168
-1.0,2.0,2.0,3.0,3.0,0.7856455780565739,-0.16255364570740685
-1.0,2.0,2.0,3.0,10.0,0.7856738716363907,-0.1361228660821251
-1.0,2.0,2.0,10.0,3.0,0.8122247781604528,-0.6221188643730081
-1.0,2.0,2.0,10.0,10.0,0.8129915595054626,-0.6008950632640313
-1.0,2.0,2.0,30.0,3.0,0.8249320987612009,-0.30668439001586384
-1.0,2.0,2.0,30.0,10.0,0.8265747927129269,-0.14333345067095812
-1.0,2.0,5.0,1.0,3.0,0.697585953772068,-0.036030502036472435
-1.0,2.0,5.0,1.0,10.0,0.7002813056111336,-0.03290541687668594
-1.0,2.0,5.0,3.0,3.0,0.6837918650358915,-0.03568459231349502
-1.0,2.0,5.0,3.0,10.0,0.6864306159317494,-0.03317220809812789
-1.0,2.0,5.0,10.0,3.0,0.689441318437457,0.05552990693397407
-1.0,2.0,5.0,10.0,10.0,0.6946627341210843,0.05949223424641219
-1.0,2.0,5.0,30.0,3.0,0.5819605108350515,-0.247502233622802
-1.0,2.0,5.0,30.0,10.0,0.5889891684055328,-0.23712913023548834
-1.0,2.0,10.0,1.0,3.0,0.5694249020889401,-0.0001907251431753964
-1.0,2.0,10.0,1.0,10.0,0.5722923003137111,-0.0008010240318176764
-1.0,2.0,10.0,3.0,3.0,0.5607168717309833,0.0010047313783874852
-1.0,2.0,10.0,3.0,10.0,0.562888827174902,6.26640109663861e-05
-1.0,2.0,10.0,10.0,3.0,0.5388172391802073,-0.011924380839356692
-1.0,2.0,10.0,10.0,10.0,0.5460112076252699,-0.016236779195276975
-1.0,2.0,10.0,30.0,3.0,0.49313633479177954,-0.08089372054679603
-1.0,2.0,10.0,30.0,10.0,0.4942886184900999,-0.07571005575871895
-1.0,4.0,2.0,1.0,3.0,0.7765496522188187,-0.175979960790035
-1.0,4.0,2.0,1.0,10.0,0.7761230614036322,-0.17834482095810164
-1.0,4.0,2.0,3.0,3.0,0.7765727080404758,-0.1757181788768709
-1.0,4.0,2.0,3.0,10.0,0.7761457320302725,-0.17823707575082484
-1.0,4.0,2.0,10.0,3.0,0.7626129977405072,-0.09953646187540811
-1.0,4.0,2.0,10.0,10.0,0.7611201539635658,-0.37096674640184935
-1.0,4.0,2.0,30.0,3.0,0.6621005348861217,-0.07606059941359532
-1.0,4.0,2.0,30.0,10.0,0.6526062656193972,-0.05834333275389968
-1.0,4.0,5.0,1.0,3.0,0.7569166827946902,-0.24591566780807433
-1.0,4.0,5.0,1.0,10.0,0.7567227382212878,-0.229818238302914
-1.0,4.0,5.0,3.0,3.0,0.7556042354553938,-0.24228637370102743
-1.0,4.0,5.0,3.0,10.0,0.7556495759636164,-0.22740362072260092
-1.0,4.0,5.0,10.0,3.0,0.7473263729363679,-0.2759641926877277
-1.0,4.0,5.0,10.0,10.0,0.7326702993363142,-0.24285722424323933
-1.0,4.0,5.0,30.0,3.0,0.6705088259652257,-0.13090336097893623
-1.0,4.0,5.0,30.0,10.0,0.6638761300593614,-0.11301131793547212
-1.0,4.0,10.0,1.0,3.0,0.6721010724082589,-0.08421664448143928
-1.0,4.0,10.0,1.0,10.0,0.6736462570726871,-0.0797611404447226
-1.0,4.0,10.0,3.0,3.0,0.6688489595428109,-0.08290774392534195
-1.0,4.0,10.0,3.0,10.0,0.6705400388687849,-0.07891869451893242
-1.0,4.0,10.0,10.0,3.0,0.700867173448205,-0.10009776214771379
-1.0,4.0,10.0,10.0,10.0,0.6810358865186572,-0.07420284060492174
-1.0,4.0,10.0,30.0,3.0,0.6222809318453073,0.020519967286105317
-1.0,4.0,10.0,30.0,10.0,0.6261659387499094,0.028490613006480127
-1.0,8.0,2.0,1.0,3.0,0.7827587984502316,-0.05448454854129115
-1.0,8.0,2.0,1.0,10.0,0.7812878303229809,-0.13582618072174815
-1.0,8.0,2.0,3.0,3.0,0.7827610980719328,-0.054886824138811886
-1.0,8.0,2.0,3.0,10.0,0.781287943944335,-0.13589677220004412
-1.0,8.0,2.0,10.0,3.0,0.7696378484368325,0.12804747531535146
-1.0,8.0,2.0,10.0,10.0,0.7758348636329174,-0.0988180417050193
-1.0,8.0,2.0,30.0,3.0,0.6817136246711015,-0.0801816931782801
-1.0,8.0,2.0,30.0,10.0,0.7535923335701227,-0.12811922979728252
-1.0,8.0,5.0,1.0,3.0,0.7732093464583158,-0.20661884885539894
-1.0,8.0,5.0,1.0,10.0,0.7727564726024866,-0.265211105126406
-1.0,8.0,5.0,3.0,3.0,0.7728408388793468,-0.20317900134414574
-1.0,8.0,5.0,3.0,10.0,0.7725369602441787,-0.2633018005382354
-1.0,8.0,5.0,10.0,3.0,0.7359484694898129,-0.14538029082727139
-1.0,8.0,5.0,10.0,10.0,0.7456067204475403,-0.2110634450683899
-1.0,8.0,5.0,30.0,3.0,0.6763792511075735,-0.0978328779784388
-1.0,8.0,5.0,30.0,10.0,0.6920272521674633,-0.1384399007287907
-1.0,8.0,10.0,1.0,3.0,0.7322190888226032,-0.12047777311329223
-1.0,8.0,10.0,1.0,10.0,0.7332048285752535,-0.11289757311127473
-1.0,8.0,10.0,3.0,3.0,0.7296836193650961,-0.11676685107379481
-1.0,8.0,10.0,3.0,10.0,0.7310332246124744,-0.11005199972276004
-1.0,8.0,10.0,10.0,3.0,0.7420194510370492,-0.19652324821649786
-1.0,8.0,10.0,10.0,10.0,0.7234569868072868,-0.14852346559118532
-1.0,8.0,10.0,30.0,3.0,0.6625185366719961,-0.02323107114649192
-1.0,8.0,10.0,30.0,10.0,0.6735767159610987,-0.013257245166945443
-1.0,16.0,2.0,1.0,3.0,0.7837097577750682,0.0019136338249723358
-1.0,16.0,2.0,1.0,10.0,0.7822411302477121,-0.07466431918732475
-1.0,16.0,2.0,3.0,3.0,0.7837081551551819,0.0021631767157266855
-1.0,16.0,2.0,3.0,10.0,0.7822582960128784,-0.07997214001112055
-1.0,16.0,2.0,10.0,3.0,0.7729924596846104,-0.05708269908841304
-1.0,16.0,2.0,10.0,10.0,0.7738780338317156,-0.08578029603273826
-1.0,16.0,2.0,30.0,3.0,0.6815359454602004,0.16434927253165554
-1.0,16.0,2.0,30.0,10.0,0.7460454221814871,0.14268131317389082
-1.0,16.0,5.0,1.0,3.0,0.7801337782293558,-0.19375935788464616
-1.0,16.0,5.0,1.0,10.0,0.7741495277732611,-0.199478427835473
-1.0,16.0,5.0,3.0,3.0,0.7798488520085811,-0.1913531399772065
-1.0,16.0,5.0,3.0,10.0,0.7740396976470947,-0.19825126612595656
-1.0,16.0,5.0,10.0,3.0,0.7135686177760363,-0.13095157486368272
-1.0,16.0,5.0,10.0,10.0,0.7143947429955005,-0.12987871227259434
-1.0,16.0,5.0,30.0,3.0,0.7526248060166836,-0.31914099797157164
-1.0,16.0,5.0,30.0,10.0,0.7842243153601884,-0.32670267313589285
-1.0,16.0,10.0,1.0,3.0,0.748699939250946,-0.17329411589092195
-1.0,16.0,10.0,1.0,10.0,0.7473106145858764,-0.13175016809713333
-1.0,16.0,10.0,3.0,3.0,0.7470316313207149,-0.16739633096513482
-1.0,16.0,10.0,3.0,10.0,0.7459913332015276,-0.12734950566261627
-1.0,16.0,10.0,10.0,3.0,0.69546920619905,-0.1681210808011552
-1.0,16.0,10.0,10.0,10.0,0.7003055388107896,-0.10507190165765924
-1.0,16.0,10.0,30.0,3.0,0.6912962928414345,-0.04204173973620423
-1.0,16.0,10.0,30.0,10.0,0.6876437470316887,0.0035003691592779044
