label,held_out_loss,slope,anchor_err_deg,n_epochs,seed,hold_prob,sign_reg,anchor,max_av,ring_source,ring_sign,activation,type_params,real_sign_control,control_shuffle_seed,control_swap_fraction,control_type_mask,frac_edges_changed,recurrent_gain,tau,in_gain,cue_gain,mean_abs_sign,frac_polarized_gt_0.9
anchor_pilot_m,0.47721833710869155,,,1000,0,0.3,0.05,True,0.15,eb_synapses,-1.0,,,,,,,,4.0,5.0,,,0.7850692272186279,0.4752183258533478
anchor_pilot_p,0.45155380945652723,,,1000,0,0.3,0.05,True,0.15,eb_synapses,1.0,,,,,,,,4.0,5.0,,,0.7572419047355652,0.4368995726108551
dose_real_seed1_p,0.1240813655157884,0.752396944837769,4.705141438293266,600,1,0.3,0.0,True,0.15,eb_synapses,1.0,tanh,True,True,,,,0.0,2.0,10.0,10.0,10.0,1.0,1.0
dose_real_seed2_p,0.10555520815153917,0.8363478900394185,3.9180404630665597,600,2,0.3,0.0,True,0.15,eb_synapses,1.0,tanh,True,True,,,,0.0,2.0,10.0,10.0,10.0,1.0,1.0
dose_swap0.1_rep1_p,0.4735246881842613,0.007841149316522552,2.8704975872867795,600,0,0.3,0.0,True,0.15,eb_synapses,1.0,tanh,True,True,1.0,0.1,,0.04312227074235808,2.0,10.0,10.0,10.0,1.0,1.0
dose_swap0.1_rep2_p,0.4976054498304923,0.00027271952025381983,2.3671290272386774,600,0,0.3,0.0,True,0.15,eb_synapses,1.0,tanh,True,True,2.0,0.1,,0.03908296943231441,2.0,10.0,10.0,10.0,1.0,1.0
dose_swap0.1_rep3_p,0.5067285910248757,-0.03177376288130272,4.436359467663735,600,0,0.3,0.0,True,0.15,eb_synapses,1.0,tanh,True,True,3.0,0.1,,0.044323144104803494,2.0,10.0,10.0,10.0,1.0,1.0
dose_swap0.25_rep1_p,0.4909904034187396,-0.001960801099234781,4.876344644167791,600,0,0.3,0.0,True,0.15,eb_synapses,1.0,tanh,True,True,1.0,0.25,,0.07521834061135371,2.0,10.0,10.0,10.0,1.0,1.0
dose_swap0.25_rep2_p,0.47849751462539036,0.014752848476903604,4.512296130588541,600,0,0.3,0.0,True,0.15,eb_synapses,1.0,tanh,True,True,2.0,0.25,,0.1009825327510917,2.0,10.0,10.0,10.0,1.0,1.0
dose_swap0.25_rep3_p,0.4625768534839153,-0.011791958270063711,3.5619883027446533,600,0,0.3,0.0,True,0.15,eb_synapses,1.0,tanh,True,True,3.0,0.25,,0.1101528384279476,2.0,10.0,10.0,10.0,1.0,1.0
dose_swap0.5_rep1_p,0.4753093728174766,0.022620393341853562,3.751655305538421,600,0,0.3,0.0,True,0.15,eb_synapses,1.0,tanh,True,True,1.0,0.5,,0.18373362445414848,2.0,10.0,10.0,10.0,1.0,1.0
dose_swap0.5_rep2_p,0.49059476430217425,0.07024589747419095,5.618592506162836,600,0,0.3,0.0,True,0.15,eb_synapses,1.0,tanh,True,True,2.0,0.5,,0.2259825327510917,2.0,10.0,10.0,10.0,1.0,1.0
dose_swap0.5_rep3_p,0.4816852121303479,-0.02440038159487978,5.9677748684429766,600,0,0.3,0.0,True,0.15,eb_synapses,1.0,tanh,True,True,3.0,0.5,,0.2341703056768559,2.0,10.0,10.0,10.0,1.0,1.0
hold03_long_seed0,0.5912845854957899,,,2500,0,0.3,,,,,,,,,,,,,4.0,5.0,,,0.39793139696121216,0.03144104778766632
hold03_long_seed1,0.5874497080842654,,,2500,1,0.3,,,,,,,,,,,,,4.0,5.0,,,0.3440251350402832,0.022598253563046455
hold03_long_seed2,0.6067586491505305,,,2500,2,0.3,,,,,,,,,,,,,4.0,5.0,,,0.35074254870414734,0.007532751187682152
hold03_seed0,0.5934936851263046,,,1000,0,0.3,,,,,,,,,,,,,4.0,5.0,,,0.35793423652648926,0.012554585002362728
hold03_seed1,0.6097982570528984,,,1000,1,0.3,,,,,,,,,,,,,4.0,5.0,,,0.3389975130558014,0.018449781462550163
hold03_seed2,0.6067586491505305,,,1000,2,0.3,,,,,,,,,,,,,4.0,5.0,,,0.35074254870414734,0.007532751187682152
hold05_seed0,0.5726678078373273,,,1000,0,0.5,,,,,,,,,,,,,4.0,5.0,,,0.4300149083137512,0.022598253563046455
hold05_seed1,0.572693928082784,,,1000,1,0.5,,,,,,,,,,,,,4.0,5.0,,,0.3441316783428192,0.00393013097345829
hold05_seed2,0.5860392724474272,,,1000,2,0.5,,,,,,,,,,,,,4.0,5.0,,,0.2778031826019287,0.0
holdperturb_seed0,0.8642334103584289,,,1000,0,0.3,,,,,,,,,,,,,4.0,5.0,,,0.3271520137786865,0.014737991616129875
holdperturb_seed1,0.9039334674676259,,,1000,1,0.3,,,,,,,,,,,,,4.0,5.0,,,0.42397812008857727,0.03689956292510033
holdperturb_seed2,1.0619019707043966,,,1000,2,0.3,,,,,,,,,,,,,4.0,5.0,,,0.6451286673545837,0.12805676460266113
holdperturb_seed3,0.8440333346525828,,,1000,3,0.3,,,,,,,,,,,,,4.0,5.0,,,0.34285321831703186,0.011135371401906013
holdperturb_seed4,0.8538827617963155,,,1000,4,0.3,,,,,,,,,,,,,4.0,5.0,,,0.36988988518714905,0.0003275109047535807
holdperturb_seed5,1.0546109447876613,,,1000,5,0.3,,,,,,,,,,,,,4.0,5.0,,,0.46163490414619446,0.08537118136882782
holdperturb_seed6,0.919070282081763,,,1000,6,0.3,,,,,,,,,,,,,4.0,5.0,,,0.3611437678337097,0.013864628970623016
holdperturb_seed7,0.9064289500315984,,,1000,7,0.3,,,,,,,,,,,,,4.0,5.0,,,0.3880770206451416,0.05818777158856392
joint_sr0.05_m,0.4771043762564659,-0.010096953781541799,3.6282549599333707,1000,0,0.3,0.05,True,0.15,eb_synapses,-1.0,tanh,True,False,,,,,2.0,10.0,10.0,10.0,0.7696027755737305,0.4957423508167267
joint_sr0.05_p,0.49854474067687987,-0.007738050500488427,3.9465462442273944,1000,0,0.3,0.05,True,0.15,eb_synapses,1.0,tanh,True,False,,,,,2.0,10.0,10.0,10.0,0.7057042121887207,0.3913755416870117
joint_sr0.0_m,0.4580902472138405,0.002172037536291371,3.9330510137250028,1000,0,0.3,0.0,True,0.15,eb_synapses,-1.0,tanh,True,False,,,,,2.0,10.0,10.0,10.0,0.5611108541488647,0.1533842831850052
joint_sr0.0_p,0.5613572857653101,-0.10097833947152239,5.68763608614837,1000,0,0.3,0.0,True,0.15,eb_synapses,1.0,tanh,True,False,,,,,2.0,10.0,10.0,10.0,0.4657314419746399,0.061681222170591354
pilot,0.8484507739543915,,,5,0,0.0,,,,,,,,,,,,,4.0,5.0,,,0.08985276520252228,0.0
realctl_rectified_m,0.17175060206403334,0.72567544532245,4.340211101046096,600,0,0.3,0.0,True,0.15,eb_synapses,-1.0,rectified,True,True,,,,,2.0,10.0,10.0,10.0,1.0,1.0
realctl_rectified_p,0.46719910254081093,-6.669930303021232e-09,2.635778207607095,600,0,0.3,0.0,True,0.15,eb_synapses,1.0,rectified,True,True,,,,,2.0,10.0,10.0,10.0,1.0,1.0
realctl_shuf10_tanh_p,0.44406812178591887,0.018471261533527673,8.738369985913915,600,0,0.3,0.0,True,0.15,eb_synapses,1.0,tanh,True,True,10.0,,,0.4421397379912664,2.0,10.0,10.0,10.0,1.0,1.0
realctl_shuf11_tanh_p,0.5087804220616817,0.014223360106031768,8.39645555767113,600,0,0.3,0.0,True,0.15,eb_synapses,1.0,tanh,True,True,11.0,,,0.41790393013100435,2.0,10.0,10.0,10.0,1.0,1.0
realctl_shuf12_tanh_p,0.5203803618748982,-0.016488979242063988,5.421790355146089,600,0,0.3,0.0,True,0.15,eb_synapses,1.0,tanh,True,True,12.0,,,0.49323144104803496,2.0,10.0,10.0,10.0,1.0,1.0
realctl_shuf1_tanh_m,0.4687237121164799,0.016905119088266772,7.977258503022393,600,0,0.3,0.0,True,0.15,eb_synapses,-1.0,tanh,True,True,1.0,,,,2.0,10.0,10.0,10.0,1.0,1.0
realctl_shuf1_tanh_p,0.485985071087877,0.034392744120805334,7.011902414849997,600,0,0.3,0.0,True,0.15,eb_synapses,1.0,tanh,True,True,1.0,,,,2.0,10.0,10.0,10.0,1.0,1.0
realctl_shuf2_tanh_m,0.4301639224092166,0.20028055198329517,6.902962975104166,600,0,0.3,0.0,True,0.15,eb_synapses,-1.0,tanh,True,True,2.0,,,,2.0,10.0,10.0,10.0,1.0,1.0
realctl_shuf2_tanh_p,0.5978230677545071,-0.05385684869654403,3.1837097832760963,600,0,0.3,0.0,True,0.15,eb_synapses,1.0,tanh,True,True,2.0,,,,2.0,10.0,10.0,10.0,1.0,1.0
realctl_shuf3_tanh_m,0.4555766520400842,0.08550951306700609,13.313780795691011,600,0,0.3,0.0,True,0.15,eb_synapses,-1.0,tanh,True,True,3.0,,,,2.0,10.0,10.0,10.0,1.0,1.0
realctl_shuf3_tanh_p,0.5063004265228908,0.03867736982209874,8.064304358353128,600,0,0.3,0.0,True,0.15,eb_synapses,1.0,tanh,True,True,3.0,,,,2.0,10.0,10.0,10.0,1.0,1.0
realctl_shuf4_tanh_m,0.4295992958048979,0.06994122296898764,5.400218453075256,600,0,0.3,0.0,True,0.15,eb_synapses,-1.0,tanh,True,True,4.0,,,,2.0,10.0,10.0,10.0,1.0,1.0
realctl_shuf4_tanh_p,0.4501169284184774,0.024598517942010595,6.481953533316555,600,0,0.3,0.0,True,0.15,eb_synapses,1.0,tanh,True,True,4.0,,,,2.0,10.0,10.0,10.0,1.0,1.0
realctl_shuf5_tanh_p,0.4726388798405727,0.011862598531387877,11.323661911119851,600,0,0.3,0.0,True,0.15,eb_synapses,1.0,tanh,True,True,5.0,,,0.4549126637554585,2.0,10.0,10.0,10.0,1.0,1.0
realctl_shuf6_tanh_p,0.48677634820342064,-0.001297612657781919,10.565188579901768,600,0,0.3,0.0,True,0.15,eb_synapses,1.0,tanh,True,True,6.0,,,0.3572052401746725,2.0,10.0,10.0,10.0,1.0,1.0
realctl_shuf7_tanh_p,0.5067778033514817,0.006009901581418525,7.0220060113110305,600,0,0.3,0.0,True,0.15,eb_synapses,1.0,tanh,True,True,7.0,,,0.372707423580786,2.0,10.0,10.0,10.0,1.0,1.0
realctl_shuf8_tanh_p,0.5206479209164778,-0.0011665612985410235,9.67529652512926,600,0,0.3,0.0,True,0.15,eb_synapses,1.0,tanh,True,True,8.0,,,0.439410480349345,2.0,10.0,10.0,10.0,1.0,1.0
realctl_shuf9_tanh_p,0.4570375739907225,-0.0013051110252594322,4.855136743154953,600,0,0.3,0.0,True,0.15,eb_synapses,1.0,tanh,True,True,9.0,,,0.4576419213973799,2.0,10.0,10.0,10.0,1.0,1.0
realctl_tanh_m,0.12517615010341007,0.8738721037984034,6.755537954025826,600,0,0.3,0.0,True,0.15,eb_synapses,-1.0,tanh,True,True,,,,,2.0,10.0,10.0,10.0,1.0,1.0
realctl_tanh_p,0.10791182685643434,0.8202978305766678,4.384725067815693,600,0,0.3,0.0,True,0.15,eb_synapses,1.0,tanh,True,True,,,,,2.0,10.0,10.0,10.0,1.0,1.0
regr_tmp,0.6362123494346936,,,26,0,0.3,0.05,False,0.08,glomerulus,1.0,tanh,False,False,,,,,4.0,5.0,3.0,3.0,0.35571351647377014,0.0
sigm_real_m,0.3031111291299264,0.3306257380045561,6.519880129477218,600,0,0.3,0.0,True,0.15,eb_synapses,-1.0,sigmoid,True,True,,,,0.0,2.0,10.0,10.0,10.0,1.0,1.0
sigm_real_p,0.4700928176442782,0.013180896009471327,3.9912243156299496,600,0,0.3,0.0,True,0.15,eb_synapses,1.0,sigmoid,True,True,,,,0.0,2.0,10.0,10.0,10.0,1.0,1.0
sigm_shuf1_p,0.5364346884191036,0.06064484924375447,5.608990698264782,600,0,0.3,0.0,True,0.15,eb_synapses,1.0,sigmoid,True,True,1.0,,,0.4985807860262009,2.0,10.0,10.0,10.0,1.0,1.0
sigm_shuf2_p,0.6622606380532186,0.26832635609172045,5.824496038550424,600,0,0.3,0.0,True,0.15,eb_synapses,1.0,sigmoid,True,True,2.0,,,0.4318777292576419,2.0,10.0,10.0,10.0,1.0,1.0
sigm_shuf3_p,0.5714100112517675,-0.04452194122606176,10.919309319251562,600,0,0.3,0.0,True,0.15,eb_synapses,1.0,sigmoid,True,True,3.0,,,0.4135371179039301,2.0,10.0,10.0,10.0,1.0,1.0
sigm_shuf4_p,0.9551855782667796,-0.08839879821222092,5.301467162062895,600,0,0.3,0.0,True,0.15,eb_synapses,1.0,sigmoid,True,True,4.0,,,0.3531659388646288,2.0,10.0,10.0,10.0,1.0,1.0
signreg05_seed0,0.5924543569485347,,,1000,0,0.3,0.05,,,,,,,,,,,,4.0,5.0,,,0.7936394214630127,0.5784934759140015
signreg05_seed1,0.7231645142038663,,,1000,1,0.3,0.05,,,,,,,,,,,,4.0,5.0,,,0.7182796597480774,0.3703056871891022
signreg05_seed2,0.602767730752627,,,1000,2,0.3,0.05,,,,,,,,,,,,4.0,5.0,,,0.6055814027786255,0.2680130898952484
signreg05_seed3,0.5820419455567996,,,1000,3,0.3,0.05,,,,,,,,,,,,4.0,5.0,,,0.43911176919937134,0.08810043334960938
signreg05_seed4,0.7147755692402522,,,1000,4,0.3,0.05,,,,,,,,,,,,4.0,5.0,,,0.592743456363678,0.22401747107505798
signreg05_seed5,0.6387662217020988,,,1000,5,0.3,0.05,,,,,,,,,,,,4.0,5.0,,,0.7393713593482971,0.5196506381034851
signreg05_seed6,0.5957350691159566,,,1000,6,0.3,0.05,,,,,,,,,,,,4.0,5.0,,,0.8384833931922913,0.6911572217941284
signreg05_seed7,0.5986504385868708,,,1000,7,0.3,0.05,,,,,,,,,,,,4.0,5.0,,,0.7686360478401184,0.5169214010238647
tps16_seed0,0.5085640867551168,,,1000,0,,,,,,,,,,,,,,4.0,5.0,,,0.30828404426574707,0.014519650489091873
tps16_seed1,0.4967131271958351,,,1000,1,,,,,,,,,,,,,,4.0,5.0,,,0.3119080364704132,0.003056768560782075
tps16_seed2,0.5005013704299927,,,1000,2,,,,,,,,,,,,,,4.0,5.0,,,0.3002382516860962,0.004148471634835005
tps32_seed0,0.5008761207262675,,,1000,0,,,,,,,,,,,,,,4.0,5.0,,,0.3334727883338928,0.041375547647476196
tps32_seed1,0.5011285295089086,,,1000,1,,,,,,,,,,,,,,4.0,5.0,,,0.2868686616420746,0.0009825327433645725
tps32_seed2,0.49289316932360333,,,1000,2,,,,,,,,,,,,,,4.0,5.0,,,0.3814464509487152,0.02729257568717003
types_mask0_p,0.4850674187143644,-0.010835207667762097,3.2274833751042773,600,0,0.3,0.0,True,0.15,eb_synapses,1.0,tanh,True,True,,,0.0,0.3106986899563319,2.0,10.0,10.0,10.0,1.0,1.0
types_mask10_p,0.0747507452343901,0.8948221850640858,6.2850279630938095,600,0,0.3,0.0,True,0.15,eb_synapses,1.0,tanh,True,True,,,10.0,0.7664847161572053,2.0,10.0,10.0,10.0,1.0,1.0
types_mask11_p,0.09493773368497689,0.8324737612786952,6.779307095936139,600,0,0.3,0.0,True,0.15,eb_synapses,1.0,tanh,True,True,,,11.0,0.4557860262008734,2.0,10.0,10.0,10.0,1.0,1.0
types_mask12_p,0.47961242919166885,-0.018957054492280887,3.342104849887653,600,0,0.3,0.0,True,0.15,eb_synapses,1.0,tanh,True,True,,,12.0,0.39170305676855893,2.0,10.0,10.0,10.0,1.0,1.0
types_mask13_p,0.07112081417193016,0.8411086130150972,5.17259849652754,600,0,0.3,0.0,True,0.15,eb_synapses,1.0,tanh,True,True,,,13.0,0.08100436681222707,2.0,10.0,10.0,10.0,1.0,1.0
types_mask14_p,0.5072250387320916,-0.04690475564800111,3.2417863286145403,600,0,0.3,0.0,True,0.15,eb_synapses,1.0,tanh,True,True,,,14.0,0.7830786026200873,2.0,10.0,10.0,10.0,1.0,1.0
types_mask15_p,0.48569819728533425,-0.020839174496817277,3.649213071679047,600,0,0.3,0.0,True,0.15,eb_synapses,1.0,tanh,True,True,,,15.0,0.47237991266375545,2.0,10.0,10.0,10.0,1.0,1.0
types_mask16_p,0.5031955150266488,-0.04433219926724431,3.273023576684984,600,0,0.3,0.0,True,0.15,eb_synapses,1.0,tanh,True,True,,,16.0,0.4244541484716157,2.0,10.0,10.0,10.0,1.0,1.0
types_mask17_p,0.13423731879641612,0.813561728588026,5.661986737233855,600,0,0.3,0.0,True,0.15,eb_synapses,1.0,tanh,True,True,,,17.0,0.11375545851528385,2.0,10.0,10.0,10.0,1.0,1.0
types_mask18_p,0.10723734920223554,0.7699784423808862,6.216167322788284,600,0,0.3,0.0,True,0.15,eb_synapses,1.0,tanh,True,True,,,18.0,0.8158296943231441,2.0,10.0,10.0,10.0,1.0,1.0
types_mask19_p,0.07981163064638773,0.8661900653323503,6.99021831447118,600,0,0.3,0.0,True,0.15,eb_synapses,1.0,tanh,True,True,,,19.0,0.5051310043668122,2.0,10.0,10.0,10.0,1.0,1.0
types_mask20_p,0.5016653418540955,-0.013697761356473187,3.6592260765307807,600,0,0.3,0.0,True,0.15,eb_synapses,1.0,tanh,True,True,,,20.0,0.4410480349344978,2.0,10.0,10.0,10.0,1.0,1.0
types_mask21_p,0.1528380375355482,0.6948746641223964,8.63644321611477,600,0,0.3,0.0,True,0.15,eb_synapses,1.0,tanh,True,True,,,21.0,0.13034934497816594,2.0,10.0,10.0,10.0,1.0,1.0
types_mask22_p,0.13321353296438854,0.8195250964275916,6.096390983954043,600,0,0.3,0.0,True,0.15,eb_synapses,1.0,tanh,True,True,,,22.0,0.8324235807860262,2.0,10.0,10.0,10.0,1.0,1.0
types_mask23_p,0.07696916591376066,0.8650833755222931,7.96245646923477,600,0,0.3,0.0,True,0.15,eb_synapses,1.0,tanh,True,True,,,23.0,0.5217248908296943,2.0,10.0,10.0,10.0,1.0,1.0
types_mask24_p,0.4575859308242798,-0.000309940440207869,3.601457053344937,600,0,0.3,0.0,True,0.15,eb_synapses,1.0,tanh,True,True,,,24.0,0.4888646288209607,2.0,10.0,10.0,10.0,1.0,1.0
types_mask25_p,0.10151318063338598,0.8739859690315133,4.916922854945079,600,0,0.3,0.0,True,0.15,eb_synapses,1.0,tanh,True,True,,,25.0,0.1781659388646288,2.0,10.0,10.0,10.0,1.0,1.0
types_mask26_p,0.08103652726858854,0.8360419098973935,6.072011762076545,600,0,0.3,0.0,True,0.15,eb_synapses,1.0,tanh,True,True,,,26.0,0.880240174672489,2.0,10.0,10.0,10.0,1.0,1.0
types_mask27_p,0.0665038234864672,0.8298029840573986,9.28404454825005,600,0,0.3,0.0,True,0.15,eb_synapses,1.0,tanh,True,True,,,27.0,0.5695414847161572,2.0,10.0,10.0,10.0,1.0,1.0
types_mask28_p,0.48752772305160763,-0.0010026864638797714,3.692847786773832,600,0,0.3,0.0,True,0.15,eb_synapses,1.0,tanh,True,True,,,28.0,0.5054585152838428,2.0,10.0,10.0,10.0,1.0,1.0
types_mask29_p,0.1444380603109797,1.064633281580824,5.93106910100604,600,0,0.3,0.0,True,0.15,eb_synapses,1.0,tanh,True,True,,,29.0,0.1947598253275109,2.0,10.0,10.0,10.0,1.0,1.0
types_mask2_p,0.0631974828739961,0.915645501843119,8.157382167183316,600,0,0.3,0.0,True,0.15,eb_synapses,1.0,tanh,True,True,,,2.0,0.7020742358078602,2.0,10.0,10.0,10.0,1.0,1.0
types_mask30_p,0.10000635820130507,0.8627491591657087,6.392898460447584,600,0,0.3,0.0,True,0.15,eb_synapses,1.0,tanh,True,True,,,30.0,0.8968340611353712,2.0,10.0,10.0,10.0,1.0,1.0
types_mask31_p,0.06369678247720004,0.9008302871090343,8.090076560403928,600,0,0.3,0.0,True,0.15,eb_synapses,1.0,tanh,True,True,,,31.0,0.5861353711790394,2.0,10.0,10.0,10.0,1.0,1.0
types_mask32_p,0.45830765962600706,0.013655146476682213,3.43013745233135,600,0,0.3,0.0,True,0.15,eb_synapses,1.0,tanh,True,True,,,32.0,0.4138646288209607,2.0,10.0,10.0,10.0,1.0,1.0
types_mask33_p,0.4807494958241781,-0.0029739542497739945,5.6149647076587526,600,0,0.3,0.0,True,0.15,eb_synapses,1.0,tanh,True,True,,,33.0,0.10316593886462883,2.0,10.0,10.0,10.0,1.0,1.0
types_mask34_p,0.45634310555954777,0.013750288270175794,3.403091987848753,600,0,0.3,0.0,True,0.15,eb_synapses,1.0,tanh,True,True,,,34.0,0.8052401746724891,2.0,10.0,10.0,10.0,1.0,1.0
types_mask35_p,0.06895023283238212,0.852659349162261,8.696122697461668,600,0,0.3,0.0,True,0.15,eb_synapses,1.0,tanh,True,True,,,35.0,0.4945414847161572,2.0,10.0,10.0,10.0,1.0,1.0
types_mask36_p,0.4829961503545443,-0.008599559711416812,3.297993759336076,600,0,0.3,0.0,True,0.15,eb_synapses,1.0,tanh,True,True,,,36.0,0.43045851528384277,2.0,10.0,10.0,10.0,1.0,1.0
types_mask37_p,0.47793121201296646,0.0005555554214203178,4.826102391619071,600,0,0.3,0.0,True,0.15,eb_synapses,1.0,tanh,True,True,,,37.0,0.11975982532751092,2.0,10.0,10.0,10.0,1.0,1.0
types_mask38_p,0.2850510023534298,0.38201364339383465,6.450800702560059,600,0,0.3,0.0,True,0.15,eb_synapses,1.0,tanh,True,True,,,38.0,0.8218340611353712,2.0,10.0,10.0,10.0,1.0,1.0
types_mask39_p,0.05361180262019237,0.9048687064164855,7.001043595234389,600,0,0.3,0.0,True,0.15,eb_synapses,1.0,tanh,True,True,,,39.0,0.5111353711790393,2.0,10.0,10.0,10.0,1.0,1.0
types_mask3_p,0.5901653058826923,-0.023484659240492773,5.525440451931283,600,0,0.3,0.0,True,0.15,eb_synapses,1.0,tanh,True,True,,,3.0,0.3913755458515284,2.0,10.0,10.0,10.0,1.0,1.0
types_mask40_p,0.4735529638826847,-0.004411141353008877,3.5138828935540705,600,0,0.3,0.0,True,0.15,eb_synapses,1.0,tanh,True,True,,,40.0,0.4782751091703057,2.0,10.0,10.0,10.0,1.0,1.0
types_mask41_p,0.09554622092594703,0.854294486851203,5.619825649682061,600,0,0.3,0.0,True,0.15,eb_synapses,1.0,tanh,True,True,,,41.0,0.1675764192139738,2.0,10.0,10.0,10.0,1.0,1.0
types_mask42_p,0.314731398349007,0.27898845849543497,5.849110452389102,600,0,0.3,0.0,True,0.15,eb_synapses,1.0,tanh,True,True,,,42.0,0.869650655021834,2.0,10.0,10.0,10.0,1.0,1.0
types_mask43_p,0.05396451974908511,0.8666485012867351,7.663361663722776,600,0,0.3,0.0,True,0.15,eb_synapses,1.0,tanh,True,True,,,43.0,0.5589519650655022,2.0,10.0,10.0,10.0,1.0,1.0
types_mask44_p,0.4734853403021892,0.0011905826461441858,3.293351587471471,600,0,0.3,0.0,True,0.15,eb_synapses,1.0,tanh,True,True,,,44.0,0.49486899563318776,2.0,10.0,10.0,10.0,1.0,1.0
types_mask45_p,0.08248014195511738,0.950319782055514,6.163816912786593,600,0,0.3,0.0,True,0.15,eb_synapses,1.0,tanh,True,True,,,45.0,0.18417030567685588,2.0,10.0,10.0,10.0,1.0,1.0
types_mask46_p,0.4605580560863018,0.014504097056518823,3.39355373361584,600,0,0.3,0.0,True,0.15,eb_synapses,1.0,tanh,True,True,,,46.0,0.8862445414847162,2.0,10.0,10.0,10.0,1.0,1.0
types_mask47_p,0.05450015552341938,0.8840723581295086,7.239948973629623,600,0,0.3,0.0,True,0.15,eb_synapses,1.0,tanh,True,True,,,47.0,0.5755458515283843,2.0,10.0,10.0,10.0,1.0,1.0
types_mask48_p,0.48987075680245956,-0.005091908407313213,4.406284125039886,600,0,0.3,0.0,True,0.15,eb_synapses,1.0,tanh,True,True,,,48.0,0.5276200873362445,2.0,10.0,10.0,10.0,1.0,1.0
types_mask49_p,0.28737241998314855,0.3946669583191232,4.6794774542754975,600,0,0.3,0.0,True,0.15,eb_synapses,1.0,tanh,True,True,,,49.0,0.21692139737991267,2.0,10.0,10.0,10.0,1.0,1.0
types_mask4_p,0.4502492965509494,0.0170407973856497,3.456638655680108,600,0,0.3,0.0,True,0.15,eb_synapses,1.0,tanh,True,True,,,4.0,0.327292576419214,2.0,10.0,10.0,10.0,1.0,1.0
types_mask50_p,0.4712711300700903,0.0023143489524196483,2.851624173784447,600,0,0.3,0.0,True,0.15,eb_synapses,1.0,tanh,True,True,,,50.0,0.9189956331877729,2.0,10.0,10.0,10.0,1.0,1.0
types_mask51_p,0.3220287458350261,0.42229022760541296,7.939488624129279,600,0,0.3,0.0,True,0.15,eb_synapses,1.0,tanh,True,True,,,51.0,0.608296943231441,2.0,10.0,10.0,10.0,1.0,1.0
types_mask52_p,0.4737765257557233,0.003191830449252393,3.7256662392007147,600,0,0.3,0.0,True,0.15,eb_synapses,1.0,tanh,True,True,,,52.0,0.5442139737991266,2.0,10.0,10.0,10.0,1.0,1.0
types_mask53_p,0.48142119919260346,-0.004432971976281395,4.619349863604933,600,0,0.3,0.0,True,0.15,eb_synapses,1.0,tanh,True,True,,,53.0,0.23351528384279477,2.0,10.0,10.0,10.0,1.0,1.0
types_mask54_p,0.4814307821293672,0.002998487659151178,2.5305552438763863,600,0,0.3,0.0,True,0.15,eb_synapses,1.0,tanh,True,True,,,54.0,0.9355895196506551,2.0,10.0,10.0,10.0,1.0,1.0
types_mask55_p,0.26211756709963085,0.4597317444666777,7.3144297248146,600,0,0.3,0.0,True,0.15,eb_synapses,1.0,tanh,True,True,,,55.0,0.6248908296943232,2.0,10.0,10.0,10.0,1.0,1.0
types_mask56_p,0.4827295561010639,-0.002884857152220256,3.814657732669052,600,0,0.3,0.0,True,0.15,eb_synapses,1.0,tanh,True,True,,,56.0,0.5920305676855895,2.0,10.0,10.0,10.0,1.0,1.0
types_mask57_p,0.47851248110334077,-0.006707915393686841,5.818036420938091,600,0,0.3,0.0,True,0.15,eb_synapses,1.0,tanh,True,True,,,57.0,0.28133187772925766,2.0,10.0,10.0,10.0,1.0,1.0
types_mask58_p,0.5112823302547137,-0.034877255824536685,6.092802633794482,600,0,0.3,0.0,True,0.15,eb_synapses,1.0,tanh,True,True,,,58.0,0.9834061135371179,2.0,10.0,10.0,10.0,1.0,1.0
types_mask59_p,0.28507363895575205,0.4682307120273759,6.768219624510053,600,0,0.3,0.0,True,0.15,eb_synapses,1.0,tanh,True,True,,,59.0,0.6727074235807861,2.0,10.0,10.0,10.0,1.0,1.0
types_mask5_p,0.09292603271702925,0.8580693996582938,3.1468490270185705,600,0,0.3,0.0,True,0.15,eb_synapses,1.0,tanh,True,True,,,5.0,0.016593886462882096,2.0,10.0,10.0,10.0,1.0,1.0
types_mask60_p,0.47047307981799047,0.0027840560865023106,3.6419389259937436,600,0,0.3,0.0,True,0.15,eb_synapses,1.0,tanh,True,True,,,60.0,0.6086244541484717,2.0,10.0,10.0,10.0,1.0,1.0
types_mask61_p,0.47326378934085367,-0.0017615125156921244,4.8937734833328355,600,0,0.3,0.0,True,0.15,eb_synapses,1.0,tanh,True,True,,,61.0,0.29792576419213973,2.0,10.0,10.0,10.0,1.0,1.0
types_mask62_p,0.4627179579188426,0.0021095206220219883,3.3489025180635346,600,0,0.3,0.0,True,0.15,eb_synapses,1.0,tanh,True,True,,,62.0,1.0,2.0,10.0,10.0,10.0,1.0,1.0
types_mask63_p,0.28910009531925124,0.427776041825679,8.686521681972282,600,0,0.3,0.0,True,0.15,eb_synapses,1.0,tanh,True,True,,,63.0,0.6893013100436681,2.0,10.0,10.0,10.0,1.0,1.0
types_mask6_p,0.06349368176112573,0.9239500558621987,8.16202341634984,600,0,0.3,0.0,True,0.15,eb_synapses,1.0,tanh,True,True,,,6.0,0.7186681222707424,2.0,10.0,10.0,10.0,1.0,1.0
types_mask7_p,0.7031323631604512,0.13129090371290467,4.048765694747256,600,0,0.3,0.0,True,0.15,eb_synapses,1.0,tanh,True,True,,,7.0,0.40796943231441046,2.0,10.0,10.0,10.0,1.0,1.0
types_mask8_p,0.4744411377857129,-0.0025823240725335083,3.5778923788837194,600,0,0.3,0.0,True,0.15,eb_synapses,1.0,tanh,True,True,,,8.0,0.37510917030567686,2.0,10.0,10.0,10.0,1.0,1.0
types_mask9_p,0.07705212173362573,1.0014717154873531,7.60793686996048,600,0,0.3,0.0,True,0.15,eb_synapses,1.0,tanh,True,True,,,9.0,0.06441048034934498,2.0,10.0,10.0,10.0,1.0,1.0
